<?xml version="1.0" encoding="UTF-8"?>
<beans:beans xmlns="http://www.springframework.org/schema/mvc"
	xmlns:xsi="http://www.w3.org/2001/XMLSchema-instance"
	xmlns:beans="http://www.springframework.org/schema/beans"
	xmlns:context="http://www.springframework.org/schema/context"
	xmlns:aop="http://www.springframework.org/schema/aop"
	xsi:schemaLocation="http://www.springframework.org/schema/mvc https://www.springframework.org/schema/mvc/spring-mvc.xsd
		http://www.springframework.org/schema/beans https://www.springframework.org/schema/beans/spring-beans.xsd
		http://www.springframework.org/schema/context https://www.springframework.org/schema/context/spring-context.xsd
		http://www.springframework.org/schema/aop http://www.springframework.org/schema/aop/spring-aop.xsd">

	<!-- DispatcherServlet Context: defines this servlet's request-processing infrastructure -->
	
	<!-- Enables the Spring MVC @Controller programming model -->
	<annotation-driven />
	
	<!-- Annotation 기반의 AOP 기능 사용 -->
	<aop:aspectj-autoproxy />
	
	<!-- Handles HTTP GET requests for /resources/** by efficiently serving up static resources in the ${webappRoot}/resources directory -->
	<resources mapping="/resources/**" location="/resources/" />
	
	<!-- Handles HTTP GET requests for /resources/** by efficiently serving up static resources in the ${webappRoot}/resources directory -->
    <resources location="/resources/" mapping="/resources/**"/>
    <resources location="file:///../resources/img/" mapping="/image/**"/>
	
	<!-- Resolves views selected for rendering by @Controllers to .jsp resources in the /WEB-INF/views directory -->
	<beans:bean class="org.springframework.web.servlet.view.InternalResourceViewResolver">
		<beans:property name="prefix" value="/WEB-INF/views/" />
		<beans:property name="suffix" value=".jsp" />
	</beans:bean>
	
	<context:component-scan base-package="web.spring.skintalk" />
	
	<beans:bean id="member" class="web.spring.skintalk.interceptor.MemberInterceptor"></beans:bean>
	<beans:bean id="mainProduct" class="web.spring.skintalk.interceptor.MainProductInterceptor"></beans:bean>
	<beans:bean id="productDetail" class="web.spring.skintalk.interceptor.ProductDetailInterceptor"></beans:bean>
	<beans:bean id="board" class="web.spring.skintalk.interceptor.BoardInterceptor"></beans:bean>
	<beans:bean id="rank" class="web.spring.skintalk.interceptor.RankPageInterceptor"></beans:bean>
	
	<interceptors>
		<interceptor>
			<mapping path="/member/member-detail"/>
			<mapping path="/member/delete"/>
			<mapping path="/member/update"/>
			<mapping path="/member/inquiry"/>
			<beans:ref bean="member"/>
		</interceptor>
		<interceptor>
			<mapping path="/main/product"/>
			<beans:ref bean="mainProduct"/>
		</interceptor>
		<interceptor>
			<mapping path="/main/rank"/>
			<beans:ref bean="rank"/>
		</interceptor>
		<interceptor>
			<mapping path="/product/product_detail"/>
			<beans:ref bean="productDetail"/>
		</interceptor>
		<interceptor>
			<mapping path="/board/detail"/>
			<mapping path="/board/update"/>
			<mapping path="/board/delete"/>
			<beans:ref bean="board"/>
		</interceptor>
	</interceptors>
	
	<!-- 뒤로가기 캐시 삭제 설정 코드 -->
	<interceptors>
		<beans:bean id="webContentInterceptor" class="org.springframework.web.servlet.mvc.WebContentInterceptor">
			<beans:property name="cacheSeconds" value="0"></beans:property>
			<beans:property name="useExpiresHeader" value="true"></beans:property>
			<beans:property name="useCacheControlHeader" value="true"></beans:property>
			<beans:property name="useCacheControlNoStore" value="true"></beans:property>
		</beans:bean>
	</interceptors>
	
</beans:beans>
